ScoreForHonestReporter: , 361 , H_LL_90 , 7.86513 , 26 , 26 , 0
ScoreForHonestReporter: , 362 , H_LL_91 , 19.5069 , 58 , 58 , 0
ScoreForHonestReporter: , 363 , H_LL_92 , 17.0901 , 49 , 49 , 0
ScoreForHonestReporter: , 364 , H_LL_93 , 14.0688 , 40 , 40 , 0
ScoreForHonestReporter: , 365 , H_LL_94 , 15.9745 , 56 , 56 , 0
ScoreForHonestReporter: , 366 , H_LL_95 , 17.3374 , 52 , 52 , 0
ScoreForHonestReporter: , 367 , H_LL_96 , 17.8292 , 53 , 53 , 0
ScoreForHonestReporter: , 368 , H_LL_97 , 18.2139 , 56 , 56 , 0
ScoreForHonestReporter: , 369 , H_LL_98 , 15.9091 , 60 , 60 , 0
ScoreForHonestReporter: , 370 , H_LL_99 , 19.3984 , 57 , 57 , 0
ScoreForHonestReporter: , 371 , H_LL_100 , 12.9526 , 37 , 37 , 0
ScoreForHonestReporter: , 372 , H_LL_101 , 5.01832 , 14 , 14 , 0
ScoreForHonestReporter: , 373 , H_LL_102 , 12.9871 , 38 , 38 , 0
ScoreForHonestReporter: , 374 , H_LL_103 , 14.1193 , 41 , 41 , 0
ScoreForHonestReporter: , 375 , H_LL_104 , 18.9281 , 53 , 53 , 0
ScoreForHonestReporter: , 376 , H_LL_105 , 18.8781 , 58 , 58 , 0
ScoreForHonestReporter: , 377 , H_LL_106 , 15.5487 , 51 , 51 , 0
ScoreForHonestReporter: , 378 , H_LL_107 , 13.2055 , 40 , 40 , 0
ScoreForHonestReporter: , 379 , H_LL_108 , 3.74782 , 16 , 16 , 0
ScoreForHonestReporter: , 380 , H_LL_109 , 21.54 , 65 , 65 , 0
ScoreForHonestReporter: , 381 , H_LL_110 , 17.5817 , 53 , 53 , 0
ScoreForHonestReporter: , 382 , H_LL_111 , 15.7893 , 45 , 45 , 0
ScoreForHonestReporter: , 383 , H_LL_112 , 21.6041 , 65 , 65 , 0
ScoreForHonestReporter: , 384 , H_LL_113 , 14.5167 , 44 , 44 , 0
ScoreForHonestReporter: , 385 , H_LL_114 , 11.6879 , 37 , 37 , 0
ScoreForHonestReporter: , 386 , H_LL_115 , 16.1052 , 47 , 47 , 0
ScoreForHonestReporter: , 387 , H_LL_116 , 13.2145 , 38 , 38 , 0
ScoreForHonestReporter: , 388 , H_LL_117 , 18.6222 , 53 , 53 , 0
ScoreForHonestReporter: , 389 , H_LL_118 , -6.00282 , 56 , 56 , 0
ScoreForHonestReporter: , 390 , H_LL_119 , 12.1446 , 35 , 35 , 0
ScoreForHonestReporter: , 391 , H_LL_120 , 17.9088 , 52 , 52 , 0
ScoreForHonestReporter: , 392 , H_LL_121 , 12.9389 , 41 , 41 , 0
ScoreForHonestReporter: , 393 , H_LL_122 , 7.40028 , 23 , 23 , 0
ScoreForHonestReporter: , 394 , H_LL_123 , 10.3638 , 37 , 37 , 0
ScoreForHonestReporter: , 395 , H_LL_124 , 20.5779 , 66 , 66 , 0
ScoreForHonestReporter: , 396 , H_LL_125 , 21.9871 , 69 , 69 , 0
ScoreForHonestReporter: , 397 , H_LL_126 , 2.17076 , 6 , 6 , 0
ScoreForHonestReporter: , 398 , H_LL_127 , 16.7101 , 51 , 51 , 0
ScoreForHonestReporter: , 399 , H_LL_128 , 3.22607 , 45 , 45 , 0
ScoreForHonestReporter: , 400 , H_LL_129 , 16.3855 , 56 , 56 , 0
ScoreForHonestReporter: , 401 , H_LL_130 , 13.7862 , 41 , 41 , 0
ScoreForHonestReporter: , 402 , H_LL_131 , 4.21369 , 17 , 17 , 0
ScoreForHonestReporter: , 403 , H_LL_132 , 19.2015 , 60 , 60 , 0
ScoreForHonestReporter: , 404 , H_LL_133 , 21.5598 , 65 , 65 , 0
ScoreForHonestReporter: , 405 , H_LL_134 , 22.1726 , 67 , 67 , 0
ScoreForHonestReporter: , 406 , H_LL_135 , 12.4327 , 51 , 51 , 0
ScoreForHonestReporter: , 407 , H_LL_136 , 9.43418 , 32 , 32 , 0
ScoreForHonestReporter: , 408 , H_LL_137 , 18.4241 , 52 , 52 , 0
ScoreForHonestReporter: , 409 , H_LL_138 , 15.6505 , 47 , 47 , 0
ScoreForHonestReporter: , 410 , H_LL_139 , 19.1471 , 58 , 58 , 0
ScoreForHonestReporter: , 411 , H_LL_140 , 9.37637 , 29 , 29 , 0
ScoreForHonestReporter: , 412 , H_LL_141 , 11.864 , 34 , 34 , 0
ScoreForHonestReporter: , 413 , H_LL_142 , 5.11844 , 15 , 15 , 0
ScoreForHonestReporter: , 414 , H_LL_143 , 17.9312 , 54 , 54 , 0
ScoreForHonestReporter: , 415 , H_LL_144 , 14.3065 , 40 , 40 , 0
ScoreForHonestReporter: , 416 , H_LL_145 , 10.0631 , 54 , 54 , 0
ScoreForHonestReporter: , 417 , H_LL_146 , 17.9251 , 53 , 53 , 0
ScoreForHonestReporter: , 418 , H_LL_147 , 17.4117 , 56 , 56 , 0
ScoreForHonestReporter: , 419 , H_LL_148 , 14.6289 , 46 , 46 , 0
ScoreForHonestReporter: , 420 , H_LL_149 , 7.5079 , 22 , 22 , 0
ScoreForHonestReporter: , 421 , H_LL_150 , 16.223 , 49 , 49 , 0
ScoreForHonestReporter: , 422 , H_LL_151 , 14.7735 , 45 , 45 , 0
ScoreForHonestReporter: , 423 , H_LL_152 , 2.34218 , 36 , 36 , 0
ScoreForHonestReporter: , 424 , H_LL_153 , 18.3934 , 53 , 53 , 0
ScoreForHonestReporter: , 425 , H_LL_154 , 5.6701 , 16 , 16 , 0
ScoreForHonestReporter: , 426 , H_LL_155 , 19.6687 , 60 , 60 , 0
ScoreForHonestReporter: , 427 , H_LL_156 , 20.9736 , 61 , 61 , 0
ScoreForHonestReporter: , 428 , H_LL_157 , 15.255 , 45 , 45 , 0
ScoreForHonestReporter: , 429 , H_LL_158 , 14.7627 , 45 , 45 , 0
ScoreForHonestReporter: , 430 , H_LL_159 , 17.0288 , 51 , 51 , 0
ScoreForHonestReporter: , 431 , H_LL_160 , 15.3704 , 62 , 62 , 0
ScoreForHonestReporter: , 432 , H_LL_161 , 11.5726 , 34 , 34 , 0
ScoreForHonestReporter: , 433 , H_LL_162 , 9.37177 , 29 , 29 , 0
ScoreForHonestReporter: , 434 , H_LL_163 , 8.68758 , 25 , 25 , 0
ScoreForHonestReporter: , 435 , H_LL_164 , 10.1169 , 30 , 30 , 0
ScoreForHonestReporter: , 436 , H_LL_165 , 20.5074 , 59 , 59 , 0
ScoreForHonestReporter: , 437 , H_LL_166 , 9.76818 , 29 , 29 , 0
ScoreForHonestReporter: , 438 , H_LL_167 , 10.6669 , 44 , 44 , 0
ScoreForHonestReporter: , 439 , H_LL_168 , 17.2064 , 52 , 52 , 0
ScoreForHonestReporter: , 440 , H_LL_169 , 16.4544 , 51 , 51 , 0
ScoreForHonestReporter: , 441 , H_LL_170 , 15.8968 , 48 , 48 , 0
ScoreForHonestReporter: , 442 , H_LL_171 , 16.1169 , 50 , 50 , 0
ScoreForHonestReporter: , 443 , H_LL_172 , 7.53836 , 40 , 40 , 0
ScoreForHonestReporter: , 444 , H_LL_173 , 5.13538 , 30 , 30 , 0
ScoreForHonestReporter: , 445 , H_LL_174 , 16.538 , 52 , 52 , 0
ScoreForHonestReporter: , 446 , H_LL_175 , 2.41616 , 44 , 44 , 0
ScoreForHonestReporter: , 447 , H_LL_176 , 18.7283 , 55 , 55 , 0
ScoreForHonestReporter: , 448 , H_LL_177 , 16.7947 , 53 , 53 , 0
ScoreForHonestReporter: , 449 , H_LL_178 , 20.6145 , 60 , 60 , 0
ScoreForHonestReporter: , 450 , H_LL_179 , 5.54226 , 58 , 58 , 0
ScoreForHonestReporter: , 451 , H_LL_180 , 8.52559 , 36 , 36 , 0
ScoreForHonestReporter: , 452 , H_LL_181 , 14.7113 , 46 , 46 , 0
ScoreForHonestReporter: , 453 , H_LL_182 , 12.3219 , 37 , 37 , 0
ScoreForHonestReporter: , 454 , H_LL_183 , 18.0621 , 54 , 54 , 0
ScoreForHonestReporter: , 455 , H_LL_184 , 6.60039 , 19 , 19 , 0
ScoreForHonestReporter: , 456 , H_LL_185 , 8.18023 , 26 , 26 , 0
ScoreForHonestReporter: , 457 , H_LL_186 , 14.1417 , 41 , 41 , 0
ScoreForHonestReporter: , 458 , H_LL_187 , 16.9826 , 50 , 50 , 0
ScoreForHonestReporter: , 459 , H_LL_188 , 6.80213 , 40 , 40 , 0
ScoreForHonestReporter: , 460 , H_LL_189 , 14.3956 , 55 , 55 , 0
ScoreForHonestReporter: , 461 , H_LL_190 , 12.9906 , 40 , 40 , 0
ScoreForHonestReporter: , 462 , H_LL_191 , 5.8005 , 17 , 17 , 0
ScoreForHonestReporter: , 463 , H_LL_192 , 19.5541 , 59 , 59 , 0
ScoreForHonestReporter: , 464 , H_LL_193 , 8.33289 , 36 , 36 , 0
ScoreForHonestReporter: , 465 , H_LL_194 , -4.36301 , 59 , 59 , 0
ScoreForHonestReporter: , 466 , H_LL_195 , 13.9686 , 43 , 43 , 0
ScoreForHonestReporter: , 467 , H_LL_196 , 8.25861 , 24 , 24 , 0
ScoreForHonestReporter: , 468 , H_LL_197 , 19.1779 , 58 , 58 , 0
ScoreForHonestReporter: , 469 , H_LL_198 , 21.2221 , 62 , 62 , 0
ScoreForHonestReporter: , 470 , H_LL_199 , 13.2572 , 39 , 39 , 0
ScoreForHonestReporter: , 471 , H_LL_200 , 19.5621 , 60 , 60 , 0
ScoreForHonestReporter: , 472 , H_LL_201 , 20.2415 , 60 , 60 , 0
ScoreForHonestReporter: , 473 , H_LL_202 , 8.98842 , 27 , 27 , 0
ScoreForHonestReporter: , 474 , H_LL_203 , 19.9958 , 58 , 58 , 0
ScoreForHonestReporter: , 475 , H_LL_204 , 12.5829 , 62 , 62 , 0
ScoreForHonestReporter: , 476 , H_LL_205 , 17.5788 , 53 , 53 , 0
ScoreForHonestReporter: , 477 , H_LL_206 , 11.662 , 58 , 58 , 0
ScoreForHonestReporter: , 478 , H_LL_207 , 9.70139 , 27 , 27 , 0
ScoreForHonestReporter: , 479 , H_LL_208 , 15.5677 , 62 , 62 , 0
ScoreForHonestReporter: , 480 , H_LL_209 , 12.9723 , 39 , 39 , 0
ScoreForHonestReporter: , 481 , H_LL_210 , 18.7844 , 56 , 56 , 0
ScoreForHonestReporter: , 482 , H_LL_211 , 14.1326 , 41 , 41 , 0
ScoreForHonestReporter: , 483 , H_LL_212 , 22.1719 , 65 , 65 , 0
ScoreForHonestReporter: , 484 , H_LL_213 , 13.5619 , 39 , 39 , 0
ScoreForHonestReporter: , 485 , H_LL_214 , 14.8782 , 52 , 52 , 0
ScoreForHonestReporter: , 486 , H_LL_215 , 11.5733 , 42 , 42 , 0
ScoreForHonestReporter: , 487 , H_LL_216 , 6.14231 , 18 , 18 , 0
ScoreForHonestReporter: , 488 , H_LL_217 , 12.8305 , 39 , 39 , 0
ScoreForHonestReporter: , 489 , H_LL_218 , 19.1123 , 59 , 59 , 0
ScoreForHonestReporter: , 490 , H_LL_219 , 11.9271 , 41 , 41 , 0
ScoreForHonestReporter: , 491 , H_LL_220 , 10.9081 , 32 , 32 , 0
ScoreForHonestReporter: , 492 , H_LL_221 , 6.40955 , 18 , 18 , 0
ScoreForHonestReporter: , 493 , H_LL_222 , 12.1011 , 36 , 36 , 0
ScoreForHonestReporter: , 494 , H_LL_223 , 10.1548 , 29 , 29 , 0
ScoreForHonestReporter: , 495 , H_LL_224 , 14.4478 , 44 , 44 , 0
ScoreForHonestReporter: , 496 , H_LL_225 , 13.6064 , 39 , 39 , 0
ScoreForHonestReporter: , 497 , H_LL_226 , 3.25105 , 9 , 9 , 0
ScoreForHonestReporter: , 498 , H_LL_227 , 20.0287 , 60 , 60 , 0
ScoreForHonestReporter: , 499 , H_LL_228 , 20.2999 , 62 , 62 , 0
ScoreForHonestReporter: , 500 , H_LL_229 , 6.08779 , 31 , 31 , 0
ScoreForHonestReporter: , 501 , H_LL_230 , 12.7026 , 39 , 39 , 0
ScoreForHonestReporter: , 502 , H_LL_231 , -6.47532 , 49 , 49 , 0
ScoreForHonestReporter: , 503 , H_LL_232 , 10.2924 , 29 , 29 , 0
ScoreForHonestReporter: , 504 , H_LL_233 , 21.0517 , 60 , 60 , 0
ScoreForHonestReporter: , 505 , H_LL_234 , 1.81727 , 57 , 57 , 0
ScoreForHonestReporter: , 506 , H_LL_235 , 16.8846 , 56 , 56 , 0
ScoreForHonestReporter: , 507 , H_LL_236 , 20.3946 , 62 , 62 , 0
ScoreForHonestReporter: , 508 , H_LL_237 , 11.4936 , 37 , 37 , 0
ScoreForHonestReporter: , 509 , H_LL_238 , 16.1993 , 48 , 48 , 0
ScoreForHonestReporter: , 510 , H_LL_239 , 11.482 , 69 , 69 , 0
ScoreForHonestReporter: , 511 , H_LL_240 , 17.7847 , 55 , 55 , 0
ScoreForHonestReporter: , 512 , H_LL_241 , 9.4094 , 55 , 55 , 0
ScoreForHonestReporter: , 513 , H_LL_242 , 16.8447 , 48 , 48 , 0
ScoreForHonestReporter: , 514 , H_LL_243 , 19.3687 , 58 , 58 , 0
ScoreForHonestReporter: , 515 , H_LL_244 , 11.5016 , 35 , 35 , 0
ScoreForHonestReporter: , 516 , H_LL_245 , 14.1852 , 40 , 40 , 0
ScoreForHonestReporter: , 517 , H_LL_246 , 18.5409 , 62 , 62 , 0
ScoreForHonestReporter: , 518 , H_LL_247 , 18.404 , 53 , 53 , 0
ScoreForHonestReporter: , 519 , H_LL_248 , 16.3471 , 51 , 51 , 0
ScoreForHonestReporter: , 520 , H_LL_249 , 4.24111 , 12 , 12 , 0
ScoreForHonestReporter: , 521 , H_LL_250 , 7.56353 , 49 , 49 , 0
ScoreForHonestReporter: , 522 , H_LL_251 , 15.4876 , 45 , 45 , 0
ScoreForHonestReporter: , 523 , H_LL_252 , 14.862 , 45 , 45 , 0
ScoreForHonestReporter: , 524 , H_LL_253 , 19.3306 , 59 , 59 , 0
ScoreForHonestReporter: , 525 , H_LL_254 , 5.33903 , 52 , 52 , 0
ScoreForHonestReporter: , 526 , H_LL_255 , 17.0359 , 52 , 52 , 0
ScoreForHonestReporter: , 527 , H_LL_256 , 15.3249 , 48 , 48 , 0
ScoreForHonestReporter: , 528 , H_LL_257 , 9.621 , 29 , 29 , 0
ScoreForHonestReporter: , 529 , H_LL_258 , 7.15118 , 21 , 21 , 0
ScoreForHonestReporter: , 530 , H_LL_259 , 15.8675 , 49 , 49 , 0
ScoreForHonestReporter: , 531 , H_LL_260 , 9.55744 , 28 , 28 , 0
ScoreForHonestReporter: , 532 , H_LL_261 , 16.5363 , 61 , 61 , 0
ScoreForHonestReporter: , 533 , H_LL_262 , -2.78538 , 52 , 52 , 0
ScoreForHonestReporter: , 534 , H_LL_263 , 8.1107 , 48 , 48 , 0
ScoreForHonestReporter: , 535 , H_LL_264 , 16.2029 , 47 , 47 , 0
ScoreForHonestReporter: , 536 , H_LL_265 , 7.67389 , 51 , 51 , 0
ScoreForHonestReporter: , 537 , H_LL_266 , 1.08878 , 37 , 37 , 0
ScoreForHonestReporter: , 538 , H_LL_267 , 12.5421 , 37 , 37 , 0
ScoreForHonestReporter: , 539 , H_LL_268 , 13.5681 , 50 , 50 , 0
ScoreForHonestReporter: , 540 , H_LL_269 , 9.75171 , 29 , 29 , 0
ScoreForHonestReporter: , 541 , H_LL_270 , 14.9664 , 45 , 45 , 0
ScoreForHonestReporter: , 542 , H_LL_271 , 16.5198 , 47 , 47 , 0
ScoreForHonestReporter: , 543 , H_LL_272 , 15.0651 , 45 , 45 , 0
ScoreForHonestReporter: , 544 , H_LL_273 , 19.4052 , 60 , 60 , 0
ScoreForHonestReporter: , 545 , H_LL_274 , 12.8915 , 38 , 38 , 0
ScoreForHonestReporter: , 546 , H_LL_275 , 17.2869 , 52 , 52 , 0
ScoreForHonestReporter: , 547 , H_LL_276 , 16.8901 , 51 , 51 , 0
ScoreForHonestReporter: , 548 , H_LL_277 , 17.5741 , 51 , 51 , 0
ScoreForHonestReporter: , 549 , H_LL_278 , 14.7007 , 44 , 44 , 0
ScoreForHonestReporter: , 550 , H_LL_279 , 19.1503 , 54 , 54 , 0
ScoreForHonestReporter: , 551 , H_LL_280 , 10.0934 , 34 , 34 , 0
ScoreForHonestReporter: , 552 , H_LL_281 , 12.9167 , 43 , 43 , 0
ScoreForHonestReporter: , 553 , H_LL_282 , 10.6774 , 63 , 63 , 0
ScoreForHonestReporter: , 554 , H_LL_283 , 19.4113 , 59 , 59 , 0
ScoreForHonestReporter: , 555 , H_LL_284 , 20.4769 , 60 , 60 , 0
ScoreForHonestReporter: , 556 , H_LL_285 , 16.885 , 54 , 54 , 0
ScoreForHonestReporter: , 557 , H_LL_286 , 12.4546 , 61 , 61 , 0
ScoreForHonestReporter: , 558 , H_LL_287 , 16.9692 , 52 , 52 , 0
ScoreForHonestReporter: , 559 , H_LL_288 , 17.6133 , 55 , 55 , 0
ScoreForHonestReporter: , 560 , H_LL_289 , 17.0802 , 53 , 53 , 0
ScoreForHonestReporter: , 561 , H_LL_290 , 11.4977 , 33 , 33 , 0
ScoreForHonestReporter: , 562 , H_LL_291 , 16.111 , 48 , 48 , 0
ScoreForHonestReporter: , 563 , H_LL_292 , 17.7048 , 53 , 53 , 0
ScoreForHonestReporter: , 564 , H_LL_293 , 14.7559 , 45 , 45 , 0
ScoreForHonestReporter: , 565 , H_LL_294 , 19.8892 , 59 , 59 , 0
ScoreForHonestReporter: , 566 , H_LL_295 , 16.8427 , 50 , 50 , 0
ScoreForHonestReporter: , 567 , H_LL_296 , 8.62247 , 45 , 45 , 0
ScoreForHonestReporter: , 568 , H_LL_297 , 8.56178 , 24 , 24 , 0
ScoreForHonestReporter: , 569 , H_LL_298 , 8.82041 , 35 , 35 , 0
ScoreForHonestReporter: , 570 , H_LL_299 , 9.09102 , 26 , 26 , 0
ScoreForHonestReporter: , 571 , H_LR_390 , 0.72679 , 2 , 2 , 0
ScoreForHonestReporter: , 572 , H_LR_391 , 1.08914 , 3 , 3 , 0
ScoreForHonestReporter: , 573 , H_LR_392 , 0.72679 , 2 , 2 , 0
ScoreForHonestReporter: , 574 , H_LR_393 , 0 , 0 , 0 , 0
ScoreForHonestReporter: , 575 , H_LR_394 , 0.724965 , 2 , 2 , 0
ScoreForHonestReporter: , 576 , H_LR_395 , 3.27379 , 9 , 9 , 0
ScoreForHonestReporter: , 577 , H_LR_396 , 0 , 0 , 0 , 0
ScoreForHonestReporter: , 578 , H_LR_397 , 1.45249 , 4 , 4 , 0
ScoreForHonestReporter: , 579 , H_LR_398 , 0.36515 , 1 , 1 , 0
ScoreForHonestReporter: , 580 , H_LR_399 , 1.09496 , 3 , 3 , 0
ScoreForHonestReporter: , 581 , H_LR_400 , 3.98489 , 11 , 11 , 0
ScoreForHonestReporter: , 582 , H_LR_401 , 0 , 0 , 0 , 0
ScoreForHonestReporter: , 583 , H_LR_402 , 17.1038 , 48 , 48 , 0
ScoreForHonestReporter: , 584 , H_LR_403 , 1.09438 , 3 , 3 , 0
ScoreForHonestReporter: , 585 , H_LR_404 , 0.36515 , 1 , 1 , 0
ScoreForHonestReporter: , 586 , H_LR_405 , 0 , 0 , 0 , 0
ScoreForHonestReporter: , 587 , H_LR_406 , 1.45138 , 4 , 4 , 0
ScoreForHonestReporter: , 588 , H_LR_407 , 1.82156 , 5 , 5 , 0
ScoreForHonestReporter: , 589 , H_LR_408 , 0.730324 , 2 , 2 , 0
ScoreForHonestReporter: , 590 , H_LR_409 , 2.90937 , 8 , 8 , 0
ScoreForHonestReporter: , 591 , H_LR_410 , 3.25253 , 9 , 9 , 0
ScoreForHonestReporter: , 592 , H_LR_411 , 8.00626 , 22 , 22 , 0
ScoreForHonestReporter: , 593 , H_LR_412 , 1.82335 , 5 , 5 , 0
ScoreForHonestReporter: , 594 , H_LR_413 , 2.91039 , 8 , 8 , 0
ScoreForHonestReporter: , 595 , H_LR_414 , 0 , 0 , 0 , 0
ScoreForHonestReporter: , 596 , H_LR_415 , 9.67694 , 28 , 28 , 0
ScoreForHonestReporter: , 597 , H_LR_416 , 9.46674 , 26 , 26 , 0
ScoreForHonestReporter: , 598 , H_LR_417 , 2.9144 , 8 , 8 , 0
ScoreForHonestReporter: , 599 , H_LR_418 , 1.4612 , 4 , 4 , 0
ScoreForHonestReporter: , 600 , H_LR_419 , 8.01266 , 22 , 22 , 0
ScoreForHonestReporter: , 601 , H_LR_420 , 9.70963 , 27 , 27 , 0
ScoreForHonestReporter: , 602 , H_LR_421 , 5.82534 , 16 , 16 , 0
ScoreForHonestReporter: , 603 , H_LR_422 , 0.36515 , 1 , 1 , 0
ScoreForHonestReporter: , 604 , H_LR_423 , 12.6202 , 35 , 35 , 0
ScoreForHonestReporter: , 605 , H_LR_424 , 6.77095 , 19 , 19 , 0
ScoreForHonestReporter: , 606 , H_LR_425 , 6.19123 , 17 , 17 , 0
ScoreForHonestReporter: , 607 , H_LR_426 , 1.82001 , 5 , 5 , 0
ScoreForHonestReporter: , 608 , H_LR_427 , 0 , 0 , 0 , 0
ScoreForHonestReporter: , 609 , H_LR_428 , 0 , 0 , 0 , 0
ScoreForHonestReporter: , 610 , H_LR_429 , 0 , 0 , 0 , 0
ScoreForHonestReporter: , 611 , H_LR_430 , 1.09496 , 3 , 3 , 0
ScoreForHonestReporter: , 612 , H_LR_431 , 2.91148 , 8 , 8 , 0
ScoreForHonestReporter: , 613 , H_LR_432 , 1.45711 , 4 , 4 , 0
ScoreForHonestReporter: , 614 , H_LR_433 , 1.08903 , 3 , 3 , 0
ScoreForHonestReporter: , 615 , H_LR_434 , 0.730324 , 2 , 2 , 0
ScoreForHonestReporter: , 616 , H_LR_435 , 0.36515 , 1 , 1 , 0
ScoreForHonestReporter: , 617 , H_LR_436 , 0 , 0 , 0 , 0
ScoreForHonestReporter: , 618 , H_LR_437 , 2.5452 , 7 , 7 , 0
ScoreForHonestReporter: , 619 , H_LR_438 , 2.17268 , 6 , 6 , 0
ScoreForHonestReporter: , 620 , H_LR_439 , 0.364061 , 1 , 1 , 0
ScoreForHonestReporter: , 621 , H_LR_440 , 0 , 0 , 0 , 0
ScoreForHonestReporter: , 622 , H_LR_441 , 2.55097 , 7 , 7 , 0
ScoreForHonestReporter: , 623 , H_LR_442 , 0 , 0 , 0 , 0
ScoreForHonestReporter: , 624 , H_LR_443 , 0.36515 , 1 , 1 , 0
ScoreForHonestReporter: , 625 , H_LR_444 , 1.09194 , 3 , 3 , 0
ScoreForHonestReporter: , 626 , H_LR_445 , 0.730324 , 2 , 2 , 0
ScoreForHonestReporter: , 627 , H_LR_446 , 0 , 0 , 0 , 0
ScoreForHonestReporter: , 628 , H_LR_447 , 4.37143 , 12 , 12 , 0
ScoreForHonestReporter: , 629 , H_LR_448 , 0 , 0 , 0 , 0
ScoreForHonestReporter: , 630 , H_LR_449 , 5.46153 , 15 , 15 , 0
ScoreForHonestReporter: , 631 , H_LR_450 , 0.730324 , 2 , 2 , 0
ScoreForHonestReporter: , 632 , H_LR_451 , 0.725084 , 2 , 2 , 0
ScoreForHonestReporter: , 633 , H_LR_452 , 2.18426 , 6 , 6 , 0
ScoreForHonestReporter: , 634 , H_LR_453 , 0.726415 , 2 , 2 , 0
ScoreForHonestReporter: , 635 , H_LR_454 , 0.36515 , 1 , 1 , 0
ScoreForHonestReporter: , 636 , H_LR_455 , 0.730324 , 2 , 2 , 0
ScoreForHonestReporter: , 637 , H_LR_456 , 1.09496 , 3 , 3 , 0
ScoreForHonestReporter: , 638 , H_LR_457 , 7.65092 , 21 , 21 , 0
ScoreForHonestReporter: , 639 , H_LR_458 , 8.96874 , 25 , 25 , 0
ScoreForHonestReporter: , 640 , H_LR_459 , 9.31625 , 26 , 26 , 0
ScoreForHonestReporter: , 641 , H_LR_460 , 0 , 0 , 0 , 0
ScoreForHonestReporter: , 642 , H_LR_461 , 0 , 0 , 0 , 0
ScoreForHonestReporter: , 643 , H_LR_462 , 0.365174 , 1 , 1 , 0
ScoreForHonestReporter: , 644 , H_LR_463 , 0 , 0 , 0 , 0
ScoreForHonestReporter: , 645 , H_LR_464 , 1.09194 , 3 , 3 , 0
ScoreForHonestReporter: , 646 , H_LR_465 , 1.09496 , 3 , 3 , 0
ScoreForHonestReporter: , 647 , H_LR_466 , 1.08903 , 3 , 3 , 0
ScoreForHonestReporter: , 648 , H_LR_467 , 6.79024 , 19 , 19 , 0
ScoreForHonestReporter: , 649 , H_LR_468 , 2.90817 , 8 , 8 , 0
ScoreForHonestReporter: , 650 , H_LR_469 , 1.09496 , 3 , 3 , 0
ScoreForHonestReporter: , 651 , H_LR_470 , 0.730324 , 2 , 2 , 0
ScoreForHonestReporter: , 652 , H_LR_471 , 2.91222 , 8 , 8 , 0
ScoreForHonestReporter: , 653 , H_LR_472 , 0 , 0 , 0 , 0
ScoreForHonestReporter: , 654 , H_LR_473 , 0.730324 , 2 , 2 , 0
ScoreForHonestReporter: , 655 , H_LR_474 , 0 , 0 , 0 , 0
ScoreForHonestReporter: , 656 , H_LR_475 , 0.72679 , 2 , 2 , 0
ScoreForHonestReporter: , 657 , H_LR_476 , 0.730324 , 2 , 2 , 0
ScoreForHonestReporter: , 658 , H_LR_477 , 1.45747 , 4 , 4 , 0
ScoreForHonestReporter: , 659 , H_LR_478 , 2.1823 , 6 , 6 , 0
ScoreForHonestReporter: , 660 , H_LR_479 , 0 , 0 , 0 , 0
ScoreForHonestReporter: , 661 , H_LR_480 , 0.730324 , 2 , 2 , 0
ScoreForHonestReporter: , 662 , H_LR_481 , 0.36515 , 1 , 1 , 0
ScoreForHonestReporter: , 663 , H_LR_482 , 1.45138 , 4 , 4 , 0
ScoreForHonestReporter: , 664 , H_LR_483 , 0.36515 , 1 , 1 , 0
ScoreForHonestReporter: , 665 , H_LR_484 , 6.92211 , 19 , 19 , 0
ScoreForHonestReporter: , 666 , H_LR_485 , 1.09438 , 3 , 3 , 0
ScoreForHonestReporter: , 667 , H_LR_486 , 0.730324 , 2 , 2 , 0
ScoreForHonestReporter: , 668 , H_LR_487 , 10.1992 , 28 , 28 , 0
ScoreForHonestReporter: , 669 , H_LR_488 , 6.18885 , 17 , 17 , 0
ScoreForHonestReporter: , 670 , H_LR_489 , 0.730324 , 2 , 2 , 0
ScoreForHonestReporter: , 671 , H_LR_490 , 5.46057 , 15 , 15 , 0
ScoreForHonestReporter: , 672 , H_LR_491 , 3.27739 , 9 , 9 , 0
ScoreForHonestReporter: , 673 , H_LR_492 , 0.36515 , 1 , 1 , 0
ScoreForHonestReporter: , 674 , H_LR_493 , 0 , 0 , 0 , 0
ScoreForHonestReporter: , 675 , H_LR_494 , 0 , 0 , 0 , 0
ScoreForHonestReporter: , 676 , H_LR_495 , 0 , 0 , 0 , 0
ScoreForHonestReporter: , 677 , H_LR_496 , 0 , 0 , 0 , 0
ScoreForHonestReporter: , 678 , H_LR_497 , 9.46369 , 26 , 26 , 0
ScoreForHonestReporter: , 679 , H_LR_498 , 10.5613 , 29 , 29 , 0
ScoreForHonestReporter: , 680 , H_LR_499 , 0.72921 , 2 , 2 , 0
ScoreForHonestReporter: , 681 , H_LR_500 , 2.53615 , 7 , 7 , 0
ScoreForHonestReporter: , 682 , H_LR_501 , 6.19021 , 17 , 17 , 0
ScoreForHonestReporter: , 683 , H_LR_502 , 13.9663 , 40 , 40 , 0
ScoreForHonestReporter: , 684 , H_LR_503 , 2.18336 , 6 , 6 , 0
ScoreForHonestReporter: , 685 , H_LR_504 , 0 , 0 , 0 , 0
ScoreForHonestReporter: , 686 , H_LR_505 , 3.63965 , 10 , 10 , 0
ScoreForHonestReporter: , 687 , H_LR_506 , 1.09496 , 3 , 3 , 0
ScoreForHonestReporter: , 688 , H_LR_507 , 10.556 , 29 , 29 , 0
ScoreForHonestReporter: , 689 , H_LR_508 , 0.365174 , 1 , 1 , 0
ScoreForHonestReporter: , 690 , H_LR_509 , 0.36515 , 1 , 1 , 0
ScoreForHonestReporter: , 691 , H_LR_510 , 5.82487 , 16 , 16 , 0
ScoreForHonestReporter: , 692 , H_LR_511 , 12.624 , 35 , 35 , 0
ScoreForHonestReporter: , 693 , H_LR_512 , 15.6285 , 44 , 44 , 0
ScoreForHonestReporter: , 694 , H_LR_513 , 1.08903 , 3 , 3 , 0
ScoreForHonestReporter: , 695 , H_LR_514 , 0 , 0 , 0 , 0
ScoreForHonestReporter: , 696 , H_LR_515 , 4.00482 , 11 , 11 , 0
ScoreForHonestReporter: , 697 , H_LR_516 , 0 , 0 , 0 , 0
ScoreForHonestReporter: , 698 , H_LR_517 , 0 , 0 , 0 , 0
ScoreForHonestReporter: , 699 , H_LR_518 , 8.37615 , 23 , 23 , 0
ScoreForHonestReporter: , 700 , H_LR_519 , 1.09194 , 3 , 3 , 0
ScoreForHonestReporter: , 701 , H_LR_520 , 16.8268 , 49 , 49 , 0
ScoreForHonestReporter: , 702 , H_LR_521 , 4.00203 , 11 , 11 , 0
ScoreForHonestReporter: , 703 , H_LR_522 , 0 , 0 , 0 , 0
ScoreForHonestReporter: , 704 , H_LR_523 , 7.27751 , 20 , 20 , 0
ScoreForHonestReporter: , 705 , H_LR_524 , 0.730324 , 2 , 2 , 0
ScoreForHonestReporter: , 706 , H_LR_525 , 1.45747 , 4 , 4 , 0
ScoreForHonestReporter: , 707 , H_LR_526 , 1.45541 , 4 , 4 , 0
ScoreForHonestReporter: , 708 , H_LR_527 , 3.64209 , 10 , 10 , 0
ScoreForHonestReporter: , 709 , H_LR_528 , 0.36515 , 1 , 1 , 0
ScoreForHonestReporter: , 710 , H_LR_529 , 0.36515 , 1 , 1 , 0
ScoreForHonestReporter: , 711 , H_LR_530 , 1.09496 , 3 , 3 , 0
ScoreForHonestReporter: , 712 , H_LR_531 , 0 , 0 , 0 , 0
ScoreForHonestReporter: , 713 , H_LR_532 , 0 , 0 , 0 , 0
ScoreForHonestReporter: , 714 , H_LR_533 , 2.18224 , 6 , 6 , 0
ScoreForHonestReporter: , 715 , H_LR_534 , 0.36515 , 1 , 1 , 0
ScoreForHonestReporter: , 716 , H_LR_535 , 1.82351 , 5 , 5 , 0
ScoreForHonestReporter: , 717 , H_LR_536 , 1.09496 , 3 , 3 , 0
ScoreForHonestReporter: , 718 , H_LR_537 , 0 , 0 , 0 , 0
ScoreForHonestReporter: , 719 , H_LR_538 , 0 , 0 , 0 , 0
ScoreForHonestReporter: , 720 , H_LR_539 , 5.45909 , 15 , 15 , 0
ScoreForHonestReporter: , 721 , H_LR_540 , 4.70197 , 13 , 13 , 0
ScoreForHonestReporter: , 722 , H_LR_541 , 0.730324 , 2 , 2 , 0
ScoreForHonestReporter: , 723 , H_LR_542 , 5.0895 , 14 , 14 , 0
ScoreForHonestReporter: , 724 , H_LR_543 , 2.91154 , 8 , 8 , 0
ScoreForHonestReporter: , 725 , H_LR_544 , 4.36474 , 12 , 12 , 0
ScoreForHonestReporter: , 726 , H_LR_545 , 0 , 0 , 0 , 0
ScoreForHonestReporter: , 727 , H_LR_546 , 6.92112 , 19 , 19 , 0
ScoreForHonestReporter: , 728 , H_LR_547 , 0.730324 , 2 , 2 , 0
ScoreForHonestReporter: , 729 , H_LR_548 , 1.81485 , 5 , 5 , 0
ScoreForHonestReporter: , 730 , H_LR_549 , 1.08914 , 3 , 3 , 0
ScoreForHonestReporter: , 731 , H_LR_550 , 0 , 0 , 0 , 0
ScoreForHonestReporter: , 732 , H_LR_551 , 0.730324 , 2 , 2 , 0
ScoreForHonestReporter: , 733 , H_LR_552 , 0.36515 , 1 , 1 , 0
ScoreForHonestReporter: , 734 , H_LR_553 , 0.72921 , 2 , 2 , 0
ScoreForHonestReporter: , 735 , H_LR_554 , 0 , 0 , 0 , 0
ScoreForHonestReporter: , 736 , H_LR_555 , 3.60643 , 10 , 10 , 0
ScoreForHonestReporter: , 737 , H_LR_556 , 2.53504 , 7 , 7 , 0
ScoreForHonestReporter: , 738 , H_LR_557 , 2.18312 , 6 , 6 , 0
ScoreForHonestReporter: , 739 , H_LR_558 , 2.91241 , 8 , 8 , 0
ScoreForHonestReporter: , 740 , H_LR_559 , 5.43174 , 15 , 15 , 0
ScoreForHonestReporter: , 741 , H_LR_560 , 1.08903 , 3 , 3 , 0
ScoreForHonestReporter: , 742 , H_LR_561 , 9.42577 , 27 , 27 , 0
ScoreForHonestReporter: , 743 , H_LR_562 , 0.730324 , 2 , 2 , 0
ScoreForHonestReporter: , 744 , H_LR_563 , 7.61759 , 21 , 21 , 0
ScoreForHonestReporter: , 745 , H_LR_564 , 3.27742 , 9 , 9 , 0
ScoreForHonestReporter: , 746 , H_LR_565 , 0.36515 , 1 , 1 , 0
ScoreForHonestReporter: , 747 , H_LR_566 , 0 , 0 , 0 , 0
ScoreForHonestReporter: , 748 , H_LR_567 , 0.730324 , 2 , 2 , 0
ScoreForHonestReporter: , 749 , H_LR_568 , 0 , 0 , 0 , 0
ScoreForHonestReporter: , 750 , H_LR_569 , 1.81989 , 5 , 5 , 0
ScoreForHonestReporter: , 751 , H_LR_570 , 1.09496 , 3 , 3 , 0
ScoreForHonestReporter: , 752 , H_LR_571 , 0 , 0 , 0 , 0
ScoreForHonestReporter: , 753 , H_LR_572 , 1.45747 , 4 , 4 , 0
ScoreForHonestReporter: , 754 , H_LR_573 , 4.73079 , 13 , 13 , 0
ScoreForHonestReporter: , 755 , H_LR_574 , 0.730324 , 2 , 2 , 0
ScoreForHonestReporter: , 756 , H_LR_575 , 0.365174 , 1 , 1 , 0
ScoreForHonestReporter: , 757 , H_LR_576 , 4.36167 , 12 , 12 , 0
ScoreForHonestReporter: , 758 , H_LR_577 , 5.8284 , 16 , 16 , 0
ScoreForHonestReporter: , 759 , H_LR_578 , 0.730324 , 2 , 2 , 0
ScoreForHonestReporter: , 760 , H_LR_579 , 4.36368 , 12 , 12 , 0
ScoreForHonestReporter: , 761 , H_LR_580 , 0.730324 , 2 , 2 , 0
ScoreForHonestReporter: , 762 , H_LR_581 , 12.9904 , 37 , 37 , 0
ScoreForHonestReporter: , 763 , H_LR_582 , 0 , 0 , 0 , 0
ScoreForHonestReporter: , 764 , H_LR_583 , 1.45429 , 4 , 4 , 0
ScoreForHonestReporter: , 765 , H_LR_584 , 9.70677 , 28 , 28 , 0
ScoreForHonestReporter: , 766 , H_LR_585 , 0 , 0 , 0 , 0
ScoreForHonestReporter: , 767 , H_LR_586 , 0.365174 , 1 , 1 , 0
ScoreForHonestReporter: , 768 , H_LR_587 , 7.74696 , 22 , 22 , 0
ScoreForHonestReporter: , 769 , H_LR_588 , 8.37751 , 23 , 23 , 0
ScoreForHonestReporter: , 770 , H_LR_589 , 9.46929 , 26 , 26 , 0
ScoreForHonestReporter: , 771 , H_LR_590 , 4.72925 , 13 , 13 , 0
ScoreForHonestReporter: , 772 , H_LR_591 , 10.5552 , 29 , 29 , 0
ScoreForHonestReporter: , 773 , H_LR_592 , 0 , 0 , 0 , 0
ScoreForHonestReporter: , 774 , H_LR_593 , 1.09305 , 3 , 3 , 0
ScoreForHonestReporter: , 775 , H_LR_594 , 1.80996 , 5 , 5 , 0
ScoreForHonestReporter: , 776 , H_LR_595 , 4.00174 , 11 , 11 , 0
ScoreForHonestReporter: , 777 , H_LR_596 , 0 , 0 , 0 , 0
ScoreForHonestReporter: , 778 , H_LR_597 , 0.364061 , 1 , 1 , 0
ScoreForHonestReporter: , 779 , H_LR_598 , 0 , 0 , 0 , 0
ScoreForHonestReporter: , 780 , H_LR_599 , 0.730324 , 2 , 2 , 0
ScoreForHonestReporter: , 781 , H_UL_690 , 12.7437 , 35 , 35 , 0
ScoreForHonestReporter: , 782 , H_UL_691 , 0 , 0 , 0 , 0
ScoreForHonestReporter: , 783 , H_UL_692 , 0 , 0 , 0 , 0
ScoreForHonestReporter: , 784 , H_UL_693 , 0 , 0 , 0 , 0
ScoreForHonestReporter: , 785 , H_UL_694 , 0 , 0 , 0 , 0
ScoreForHonestReporter: , 786 , H_UL_695 , 3.2766 , 9 , 9 , 0
ScoreForHonestReporter: , 787 , H_UL_696 , 0.364297 , 1 , 1 , 0
ScoreForHonestReporter: , 788 , H_UL_697 , 0 , 0 , 0 , 0
ScoreForHonestReporter: , 789 , H_UL_698 , 1.45814 , 4 , 4 , 0
ScoreForHonestReporter: , 790 , H_UL_699 , 2.55416 , 7 , 7 , 0
ScoreForHonestReporter: , 791 , H_UL_700 , 4.35128 , 12 , 12 , 0
ScoreForHonestReporter: , 792 , H_UL_701 , 1.09402 , 3 , 3 , 0
ScoreForHonestReporter: , 793 , H_UL_702 , 4.33417 , 12 , 12 , 0
ScoreForHonestReporter: , 794 , H_UL_703 , 13.3465 , 37 , 37 , 0
ScoreForHonestReporter: , 795 , H_UL_704 , 0 , 0 , 0 , 0
ScoreForHonestReporter: , 796 , H_UL_705 , 5.82422 , 16 , 16 , 0
ScoreForHonestReporter: , 797 , H_UL_706 , 0.36626 , 1 , 1 , 0
ScoreForHonestReporter: , 798 , H_UL_707 , 1.82329 , 5 , 5 , 0
ScoreForHonestReporter: , 799 , H_UL_708 , 0 , 0 , 0 , 0
ScoreForHonestReporter: , 800 , H_UL_709 , 9.21122 , 26 , 26 , 0
ScoreForHonestReporter: , 801 , H_UL_710 , 0.365179 , 1 , 1 , 0
ScoreForHonestReporter: , 802 , H_UL_711 , 10.9299 , 30 , 30 , 0
ScoreForHonestReporter: , 803 , H_UL_712 , 0.729269 , 2 , 2 , 0
ScoreForHonestReporter: , 804 , H_UL_713 , 8.01583 , 22 , 22 , 0
ScoreForHonestReporter: , 805 , H_UL_714 , 11.6555 , 32 , 32 , 0
ScoreForHonestReporter: , 806 , H_UL_715 , 2.55086 , 7 , 7 , 0
ScoreForHonestReporter: , 807 , H_UL_716 , 8.01376 , 22 , 22 , 0
ScoreForHonestReporter: , 808 , H_UL_717 , 0.364624 , 1 , 1 , 0
ScoreForHonestReporter: , 809 , H_UL_718 , 2.18622 , 6 , 6 , 0
ScoreForHonestReporter: , 810 , H_UL_719 , 0 , 0 , 0 , 0
ScoreForHonestReporter: , 811 , H_UL_720 , 0 , 0 , 0 , 0
ScoreForHonestReporter: , 812 , H_UL_721 , 4.73787 , 13 , 13 , 0
ScoreForHonestReporter: , 813 , H_UL_722 , 1.45929 , 4 , 4 , 0
ScoreForHonestReporter: , 814 , H_UL_723 , 18.0586 , 51 , 51 , 0
ScoreForHonestReporter: , 815 , H_UL_724 , 15.405 , 43 , 43 , 0
ScoreForHonestReporter: , 816 , H_UL_725 , 10.0303 , 29 , 29 , 0
ScoreForHonestReporter: , 817 , H_UL_726 , 1.45929 , 4 , 4 , 0
ScoreForHonestReporter: , 818 , H_UL_727 , 1.45866 , 4 , 4 , 0
ScoreForHonestReporter: , 819 , H_UL_728 , 0.730558 , 2 , 2 , 0
ScoreForHonestReporter: , 820 , H_UL_729 , 1.45865 , 4 , 4 , 0
ScoreForHonestReporter: , 821 , H_UL_730 , 0 , 0 , 0 , 0
ScoreForHonestReporter: , 822 , H_UL_731 , 0 , 0 , 0 , 0
ScoreForHonestReporter: , 823 , H_UL_732 , 3.28059 , 9 , 9 , 0
ScoreForHonestReporter: , 824 , H_UL_733 , 0 , 0 , 0 , 0
ScoreForHonestReporter: , 825 , H_UL_734 , 0.730558 , 2 , 2 , 0
ScoreForHonestReporter: , 826 , H_UL_735 , 0 , 0 , 0 , 0
ScoreForHonestReporter: , 827 , H_UL_736 , 1.82329 , 5 , 5 , 0
ScoreForHonestReporter: , 828 , H_UL_737 , 0 , 0 , 0 , 0
ScoreForHonestReporter: , 829 , H_UL_738 , 1.82443 , 5 , 5 , 0
ScoreForHonestReporter: , 830 , H_UL_739 , 13.1112 , 36 , 36 , 0
ScoreForHonestReporter: , 831 , H_UL_740 , 0.364297 , 1 , 1 , 0
ScoreForHonestReporter: , 832 , H_UL_741 , 7.87429 , 22 , 22 , 0
ScoreForHonestReporter: , 833 , H_UL_742 , 12.3845 , 34 , 34 , 0
ScoreForHonestReporter: , 834 , H_UL_743 , 13.3357 , 37 , 37 , 0
ScoreForHonestReporter: , 835 , H_UL_744 , 2.89226 , 8 , 8 , 0
ScoreForHonestReporter: , 836 , H_UL_745 , 0.364624 , 1 , 1 , 0
ScoreForHonestReporter: , 837 , H_UL_746 , 0 , 0 , 0 , 0
ScoreForHonestReporter: , 838 , H_UL_747 , 12.3812 , 34 , 34 , 0
ScoreForHonestReporter: , 839 , H_UL_748 , 0 , 0 , 0 , 0
ScoreForHonestReporter: , 840 , H_UL_749 , 1.82501 , 5 , 5 , 0
ScoreForHonestReporter: , 841 , H_UL_750 , 0 , 0 , 0 , 0
ScoreForHonestReporter: , 842 , H_UL_751 , 10.1991 , 28 , 28 , 0
ScoreForHonestReporter: , 843 , H_UL_752 , 2.91591 , 8 , 8 , 0
ScoreForHonestReporter: , 844 , H_UL_753 , 6.5562 , 18 , 18 , 0
ScoreForHonestReporter: , 845 , H_UL_754 , 0.728358 , 2 , 2 , 0
ScoreForHonestReporter: , 846 , H_UL_755 , 4.36828 , 12 , 12 , 0
ScoreForHonestReporter: , 847 , H_UL_756 , 8.23007 , 23 , 23 , 0
ScoreForHonestReporter: , 848 , H_UL_757 , 0 , 0 , 0 , 0
ScoreForHonestReporter: , 849 , H_UL_758 , 12.2403 , 34 , 34 , 0
ScoreForHonestReporter: , 850 , H_UL_759 , 4.73234 , 13 , 13 , 0
ScoreForHonestReporter: , 851 , H_UL_760 , 13.1 , 37 , 37 , 0
ScoreForHonestReporter: , 852 , H_UL_761 , 2.18735 , 6 , 6 , 0
ScoreForHonestReporter: , 853 , H_UL_762 , 1.09435 , 3 , 3 , 0
ScoreForHonestReporter: , 854 , H_UL_763 , 4.00969 , 11 , 11 , 0
ScoreForHonestReporter: , 855 , H_UL_764 , 6.01677 , 17 , 17 , 0
ScoreForHonestReporter: , 856 , H_UL_765 , 0 , 0 , 0 , 0
ScoreForHonestReporter: , 857 , H_UL_766 , 12.0258 , 33 , 33 , 0
ScoreForHonestReporter: , 858 , H_UL_767 , 10.9261 , 30 , 30 , 0
ScoreForHonestReporter: , 859 , H_UL_768 , 0 , 0 , 0 , 0
ScoreForHonestReporter: , 860 , H_UL_769 , 9.46983 , 26 , 26 , 0
ScoreForHonestReporter: , 861 , H_UL_770 , 0 , 0 , 0 , 0
ScoreForHonestReporter: , 862 , H_UL_771 , 7.7301 , 22 , 22 , 0
ScoreForHonestReporter: , 863 , H_UL_772 , 14.5362 , 41 , 41 , 0
ScoreForHonestReporter: , 864 , H_UL_773 , 17.007 , 47 , 47 , 0
ScoreForHonestReporter: , 865 , H_UL_774 , 0.364297 , 1 , 1 , 0
ScoreForHonestReporter: , 866 , H_UL_775 , 0.364297 , 1 , 1 , 0
ScoreForHonestReporter: , 867 , H_UL_776 , 16.02 , 45 , 45 , 0
ScoreForHonestReporter: , 868 , H_UL_777 , 6.02915 , 17 , 17 , 0
ScoreForHonestReporter: , 869 , H_UL_778 , 3.28294 , 9 , 9 , 0
ScoreForHonestReporter: , 870 , H_UL_779 , 0 , 0 , 0 , 0
ScoreForHonestReporter: , 871 , H_UL_780 , 8.38104 , 23 , 23 , 0
ScoreForHonestReporter: , 872 , H_UL_781 , 14.403 , 41 , 41 , 0
ScoreForHonestReporter: , 873 , H_UL_782 , 0 , 0 , 0 , 0
ScoreForHonestReporter: , 874 , H_UL_783 , 2.91241 , 8 , 8 , 0
ScoreForHonestReporter: , 875 , H_UL_784 , 2.55057 , 7 , 7 , 0
ScoreForHonestReporter: , 876 , H_UL_785 , 0 , 0 , 0 , 0
ScoreForHonestReporter: , 877 , H_UL_786 , 0 , 0 , 0 , 0
ScoreForHonestReporter: , 878 , H_UL_787 , 13.109 , 36 , 36 , 0
ScoreForHonestReporter: , 879 , H_UL_788 , 4.93949 , 14 , 14 , 0
ScoreForHonestReporter: , 880 , H_UL_789 , 0 , 0 , 0 , 0
ScoreForHonestReporter: , 881 , H_UL_790 , 1.45865 , 4 , 4 , 0
ScoreForHonestReporter: , 882 , H_UL_791 , 3.28208 , 9 , 9 , 0
ScoreForHonestReporter: , 883 , H_UL_792 , 0 , 0 , 0 , 0
ScoreForHonestReporter: , 884 , H_UL_793 , 10.9284 , 30 , 30 , 0
ScoreForHonestReporter: , 885 , H_UL_794 , 0.730558 , 2 , 2 , 0
ScoreForHonestReporter: , 886 , H_UL_795 , 0.364624 , 1 , 1 , 0
ScoreForHonestReporter: , 887 , H_UL_796 , 2.8876 , 8 , 8 , 0
ScoreForHonestReporter: , 888 , H_UL_797 , 0 , 0 , 0 , 0
ScoreForHonestReporter: , 889 , H_UL_798 , 0 , 0 , 0 , 0
ScoreForHonestReporter: , 890 , H_UL_799 , 5.83244 , 16 , 16 , 0
ScoreForHonestReporter: , 891 , H_UL_800 , 0.727746 , 2 , 2 , 0
ScoreForHonestReporter: , 892 , H_UL_801 , 0.729726 , 2 , 2 , 0
ScoreForHonestReporter: , 893 , H_UL_802 , 0.729803 , 2 , 2 , 0
ScoreForHonestReporter: , 894 , H_UL_803 , 2.18518 , 6 , 6 , 0
ScoreForHonestReporter: , 895 , H_UL_804 , 7.99333 , 22 , 22 , 0
ScoreForHonestReporter: , 896 , H_UL_805 , 1.45653 , 4 , 4 , 0
ScoreForHonestReporter: , 897 , H_UL_806 , 0 , 0 , 0 , 0
ScoreForHonestReporter: , 898 , H_UL_807 , 3.28059 , 9 , 9 , 0
ScoreForHonestReporter: , 899 , H_UL_808 , 4.0052 , 11 , 11 , 0
ScoreForHonestReporter: , 900 , H_UL_809 , 0 , 0 , 0 , 0
ScoreForHonestReporter: , 901 , H_UL_810 , 17.1132 , 48 , 48 , 0
ScoreForHonestReporter: , 902 , H_UL_811 , 5.83022 , 16 , 16 , 0
ScoreForHonestReporter: , 903 , H_UL_812 , 0 , 0 , 0 , 0
ScoreForHonestReporter: , 904 , H_UL_813 , 0 , 0 , 0 , 0
ScoreForHonestReporter: , 905 , H_UL_814 , 2.1868 , 6 , 6 , 0
ScoreForHonestReporter: , 906 , H_UL_815 , 1.82331 , 5 , 5 , 0
ScoreForHonestReporter: , 907 , H_UL_816 , 10.423 , 29 , 29 , 0
ScoreForHonestReporter: , 908 , H_UL_817 , 11.6613 , 32 , 32 , 0
ScoreForHonestReporter: , 909 , H_UL_818 , 3.87206 , 11 , 11 , 0
ScoreForHonestReporter: , 910 , H_UL_819 , 0.36409 , 1 , 1 , 0
ScoreForHonestReporter: , 911 , H_UL_820 , 5.83005 , 16 , 16 , 0
ScoreForHonestReporter: , 912 , H_UL_821 , 6.9209 , 19 , 19 , 0
ScoreForHonestReporter: , 913 , H_UL_822 , 15.1598 , 42 , 42 , 0
ScoreForHonestReporter: , 914 , H_UL_823 , 0 , 0 , 0 , 0
ScoreForHonestReporter: , 915 , H_UL_824 , 0 , 0 , 0 , 0
ScoreForHonestReporter: , 916 , H_UL_825 , 0 , 0 , 0 , 0
ScoreForHonestReporter: , 917 , H_UL_826 , 2.91825 , 8 , 8 , 0
ScoreForHonestReporter: , 918 , H_UL_827 , 8.74163 , 24 , 24 , 0
ScoreForHonestReporter: , 919 , H_UL_828 , 7.2816 , 20 , 20 , 0
ScoreForHonestReporter: , 920 , H_UL_829 , 7.64906 , 21 , 21 , 0
ScoreForHonestReporter: , 921 , H_UL_830 , 4.594 , 13 , 13 , 0
ScoreForHonestReporter: , 922 , H_UL_831 , 13.4752 , 37 , 37 , 0
ScoreForHonestReporter: , 923 , H_UL_832 , 8.02044 , 22 , 22 , 0
ScoreForHonestReporter: , 924 , H_UL_833 , 2.54825 , 7 , 7 , 0
ScoreForHonestReporter: , 925 , H_UL_834 , 0 , 0 , 0 , 0
ScoreForHonestReporter: , 926 , H_UL_835 , 1.09402 , 3 , 3 , 0
ScoreForHonestReporter: , 927 , H_UL_836 , 8.37605 , 23 , 23 , 0
ScoreForHonestReporter: , 928 , H_UL_837 , 9.07106 , 26 , 26 , 0
ScoreForHonestReporter: , 929 , H_UL_838 , 12.2386 , 34 , 34 , 0
ScoreForHonestReporter: , 930 , H_UL_839 , 0.364297 , 1 , 1 , 0
ScoreForHonestReporter: , 931 , H_UL_840 , 8.37536 , 23 , 23 , 0
ScoreForHonestReporter: , 932 , H_UL_841 , 0 , 0 , 0 , 0
ScoreForHonestReporter: , 933 , H_UL_842 , 1.81943 , 5 , 5 , 0
ScoreForHonestReporter: , 934 , H_UL_843 , 11.7676 , 33 , 33 , 0
ScoreForHonestReporter: , 935 , H_UL_844 , 3.97917 , 11 , 11 , 0
ScoreForHonestReporter: , 936 , H_UL_845 , 0 , 0 , 0 , 0
ScoreForHonestReporter: , 937 , H_UL_846 , 0 , 0 , 0 , 0
ScoreForHonestReporter: , 938 , H_UL_847 , 0.364297 , 1 , 1 , 0
ScoreForHonestReporter: , 939 , H_UL_848 , 3.64566 , 10 , 10 , 0
ScoreForHonestReporter: , 940 , H_UL_849 , 0 , 0 , 0 , 0
ScoreForHonestReporter: , 941 , H_UL_850 , 1.0952 , 3 , 3 , 0
ScoreForHonestReporter: , 942 , H_UL_851 , 4.37292 , 12 , 12 , 0
ScoreForHonestReporter: , 943 , H_UL_852 , 0 , 0 , 0 , 0
ScoreForHonestReporter: , 944 , H_UL_853 , 0 , 0 , 0 , 0
ScoreForHonestReporter: , 945 , H_UL_854 , 1.45865 , 4 , 4 , 0
ScoreForHonestReporter: , 946 , H_UL_855 , 5.46553 , 15 , 15 , 0
ScoreForHonestReporter: , 947 , H_UL_856 , 8.37636 , 23 , 23 , 0
ScoreForHonestReporter: , 948 , H_UL_857 , 14.2006 , 40 , 40 , 0
ScoreForHonestReporter: , 949 , H_UL_858 , 8.37854 , 23 , 23 , 0
ScoreForHonestReporter: , 950 , H_UL_859 , 8.74125 , 24 , 24 , 0
ScoreForHonestReporter: , 951 , H_UL_860 , 0 , 0 , 0 , 0
ScoreForHonestReporter: , 952 , H_UL_861 , 14.6856 , 41 , 41 , 0
ScoreForHonestReporter: , 953 , H_UL_862 , 0 , 0 , 0 , 0
ScoreForHonestReporter: , 954 , H_UL_863 , 3.28045 , 9 , 9 , 0
ScoreForHonestReporter: , 955 , H_UL_864 , 8.74441 , 24 , 24 , 0
ScoreForHonestReporter: , 956 , H_UL_865 , 0 , 0 , 0 , 0
ScoreForHonestReporter: , 957 , H_UL_866 , 2.87854 , 8 , 8 , 0
ScoreForHonestReporter: , 958 , H_UL_867 , 5.09739 , 14 , 14 , 0
ScoreForHonestReporter: , 959 , H_UL_868 , 12.7476 , 35 , 35 , 0
ScoreForHonestReporter: , 960 , H_UL_869 , 0.364624 , 1 , 1 , 0
ScoreForHonestReporter: , 961 , H_UL_870 , 5.10347 , 14 , 14 , 0
ScoreForHonestReporter: , 962 , H_UL_871 , 1.0952 , 3 , 3 , 0
ScoreForHonestReporter: , 963 , H_UL_872 , 0 , 0 , 0 , 0
ScoreForHonestReporter: , 964 , H_UL_873 , 11.6548 , 32 , 32 , 0
ScoreForHonestReporter: , 965 , H_UL_874 , 5.82853 , 16 , 16 , 0
ScoreForHonestReporter: , 966 , H_UL_875 , 2.91727 , 8 , 8 , 0
ScoreForHonestReporter: , 967 , H_UL_876 , 6.02696 , 17 , 17 , 0
ScoreForHonestReporter: , 968 , H_UL_877 , 14.4269 , 40 , 40 , 0
ScoreForHonestReporter: , 969 , H_UL_878 , 0.727746 , 2 , 2 , 0
ScoreForHonestReporter: , 970 , H_UL_879 , 6.75441 , 19 , 19 , 0
ScoreForHonestReporter: , 971 , H_UL_880 , 0 , 0 , 0 , 0
ScoreForHonestReporter: , 972 , H_UL_881 , 0 , 0 , 0 , 0
ScoreForHonestReporter: , 973 , H_UL_882 , 6.18422 , 17 , 17 , 0
ScoreForHonestReporter: , 974 , H_UL_883 , 0 , 0 , 0 , 0
ScoreForHonestReporter: , 975 , H_UL_884 , 4.37104 , 12 , 12 , 0
ScoreForHonestReporter: , 976 , H_UL_885 , 0.730558 , 2 , 2 , 0
ScoreForHonestReporter: , 977 , H_UL_886 , 15.3982 , 43 , 43 , 0
ScoreForHonestReporter: , 978 , H_UL_887 , 10.5651 , 29 , 29 , 0
ScoreForHonestReporter: , 979 , H_UL_888 , 10.5673 , 29 , 29 , 0
ScoreForHonestReporter: , 980 , H_UL_889 , 9.46983 , 26 , 26 , 0
ScoreForHonestReporter: , 981 , H_UL_890 , 14.4303 , 40 , 40 , 0
ScoreForHonestReporter: , 982 , H_UL_891 , 0 , 0 , 0 , 0
ScoreForHonestReporter: , 983 , H_UL_892 , 0.364297 , 1 , 1 , 0
ScoreForHonestReporter: , 984 , H_UL_893 , 0.364297 , 1 , 1 , 0
ScoreForHonestReporter: , 985 , H_UL_894 , 5.82686 , 16 , 16 , 0
ScoreForHonestReporter: , 986 , H_UL_895 , 0 , 0 , 0 , 0
ScoreForHonestReporter: , 987 , H_UL_896 , 10.7726 , 30 , 30 , 0
ScoreForHonestReporter: , 988 , H_UL_897 , 0 , 0 , 0 , 0
ScoreForHonestReporter: , 989 , H_UL_898 , 0 , 0 , 0 , 0
ScoreForHonestReporter: , 990 , H_UL_899 , 3.64242 , 10 , 10 , 0
ScoreForHonestReporter: , 991 , H_UR_990 , 0 , 0 , 0 , 0
ScoreForHonestReporter: , 992 , H_UR_991 , 0 , 0 , 0 , 0
ScoreForHonestReporter: , 993 , H_UR_992 , 0 , 0 , 0 , 0
ScoreForHonestReporter: , 994 , H_UR_993 , 9.10219 , 25 , 25 , 0
ScoreForHonestReporter: , 995 , H_UR_994 , 0 , 0 , 0 , 0
ScoreForHonestReporter: , 996 , H_UR_995 , 0 , 0 , 0 , 0
ScoreForHonestReporter: , 997 , H_UR_996 , 1.45641 , 4 , 4 , 0
ScoreForHonestReporter: , 998 , H_UR_997 , 10.1967 , 28 , 28 , 0
ScoreForHonestReporter: , 999 , H_UR_998 , 8.3723 , 23 , 23 , 0
ScoreForHonestReporter: , 1000 , H_UR_999 , 0.36409 , 1 , 1 , 0
ScoreForHonestReporter: , 1001 , H_UR_1000 , 0 , 0 , 0 , 0
ScoreForHonestReporter: , 1002 , H_UR_1001 , 8.37485 , 23 , 23 , 0
ScoreForHonestReporter: , 1003 , H_UR_1002 , 1.82047 , 5 , 5 , 0
ScoreForHonestReporter: , 1004 , H_UR_1003 , 0 , 0 , 0 , 0
ScoreForHonestReporter: , 1005 , H_UR_1004 , 1.09391 , 3 , 3 , 0
ScoreForHonestReporter: , 1006 , H_UR_1005 , 4.36857 , 12 , 12 , 0
ScoreForHonestReporter: , 1007 , H_UR_1006 , 0.729815 , 2 , 2 , 0
ScoreForHonestReporter: , 1008 , H_UR_1007 , 10.5595 , 29 , 29 , 0
ScoreForHonestReporter: , 1009 , H_UR_1008 , 1.45682 , 4 , 4 , 0
ScoreForHonestReporter: , 1010 , H_UR_1009 , 5.10164 , 14 , 14 , 0
ScoreForHonestReporter: , 1011 , H_UR_1010 , 0 , 0 , 0 , 0
ScoreForHonestReporter: , 1012 , H_UR_1011 , 6.55944 , 18 , 18 , 0
ScoreForHonestReporter: , 1013 , H_UR_1012 , 1.09189 , 3 , 3 , 0
ScoreForHonestReporter: , 1014 , H_UR_1013 , 1.09279 , 3 , 3 , 0
ScoreForHonestReporter: , 1015 , H_UR_1014 , 2.18448 , 6 , 6 , 0
ScoreForHonestReporter: , 1016 , H_UR_1015 , 1.45462 , 4 , 4 , 0
ScoreForHonestReporter: , 1017 , H_UR_1016 , 1.82193 , 5 , 5 , 0
ScoreForHonestReporter: , 1018 , H_UR_1017 , 0 , 0 , 0 , 0
ScoreForHonestReporter: , 1019 , H_UR_1018 , 0.364641 , 1 , 1 , 0
ScoreForHonestReporter: , 1020 , H_UR_1019 , 1.08998 , 3 , 3 , 0
ScoreForHonestReporter: , 1021 , H_UR_1020 , 2.5433 , 7 , 7 , 0
ScoreForHonestReporter: , 1022 , H_UR_1021 , 0 , 0 , 0 , 0
ScoreForHonestReporter: , 1023 , H_UR_1022 , 0 , 0 , 0 , 0
ScoreForHonestReporter: , 1024 , H_UR_1023 , 0 , 0 , 0 , 0
ScoreForHonestReporter: , 1025 , H_UR_1024 , 0 , 0 , 0 , 0
ScoreForHonestReporter: , 1026 , H_UR_1025 , 4.00707 , 11 , 11 , 0
ScoreForHonestReporter: , 1027 , H_UR_1026 , 0.728731 , 2 , 2 , 0
ScoreForHonestReporter: , 1028 , H_UR_1027 , 0 , 0 , 0 , 0
ScoreForHonestReporter: , 1029 , H_UR_1028 , 0 , 0 , 0 , 0
ScoreForHonestReporter: , 1030 , H_UR_1029 , 0 , 0 , 0 , 0
ScoreForHonestReporter: , 1031 , H_UR_1030 , 0 , 0 , 0 , 0
ScoreForHonestReporter: , 1032 , H_UR_1031 , 0 , 0 , 0 , 0
ScoreForHonestReporter: , 1033 , H_UR_1032 , 0.725921 , 2 , 2 , 0
ScoreForHonestReporter: , 1034 , H_UR_1033 , 0 , 0 , 0 , 0
ScoreForHonestReporter: , 1035 , H_UR_1034 , 2.91329 , 8 , 8 , 0
ScoreForHonestReporter: , 1036 , H_UR_1035 , 0 , 0 , 0 , 0
ScoreForHonestReporter: , 1037 , H_UR_1036 , 0 , 0 , 0 , 0
ScoreForHonestReporter: , 1038 , H_UR_1037 , 0 , 0 , 0 , 0
ScoreForHonestReporter: , 1039 , H_UR_1038 , 0.725892 , 2 , 2 , 0
ScoreForHonestReporter: , 1040 , H_UR_1039 , 0 , 0 , 0 , 0
ScoreForHonestReporter: , 1041 , H_UR_1040 , 0 , 0 , 0 , 0
ScoreForHonestReporter: , 1042 , H_UR_1041 , 0 , 0 , 0 , 0
ScoreForHonestReporter: , 1043 , H_UR_1042 , 0 , 0 , 0 , 0
ScoreForHonestReporter: , 1044 , H_UR_1043 , 1.09391 , 3 , 3 , 0
ScoreForHonestReporter: , 1045 , H_UR_1044 , 0 , 0 , 0 , 0
ScoreForHonestReporter: , 1046 , H_UR_1045 , 0 , 0 , 0 , 0
ScoreForHonestReporter: , 1047 , H_UR_1046 , 0.364641 , 1 , 1 , 0
ScoreForHonestReporter: , 1048 , H_UR_1047 , 0 , 0 , 0 , 0
ScoreForHonestReporter: , 1049 , H_UR_1048 , 0 , 0 , 0 , 0
ScoreForHonestReporter: , 1050 , H_UR_1049 , 3.27686 , 9 , 9 , 0
ScoreForHonestReporter: , 1051 , H_UR_1050 , 0.36409 , 1 , 1 , 0
ScoreForHonestReporter: , 1052 , H_UR_1051 , 1.08998 , 3 , 3 , 0
ScoreForHonestReporter: , 1053 , H_UR_1052 , 0 , 0 , 0 , 0
ScoreForHonestReporter: , 1054 , H_UR_1053 , 0.725921 , 2 , 2 , 0
ScoreForHonestReporter: , 1055 , H_UR_1054 , 1.81713 , 5 , 5 , 0
ScoreForHonestReporter: , 1056 , H_UR_1055 , 0.36409 , 1 , 1 , 0
ScoreForHonestReporter: , 1057 , H_UR_1056 , 9.4651 , 26 , 26 , 0
ScoreForHonestReporter: , 1058 , H_UR_1057 , 0.36409 , 1 , 1 , 0
ScoreForHonestReporter: , 1059 , H_UR_1058 , 0.729269 , 2 , 2 , 0
ScoreForHonestReporter: , 1060 , H_UR_1059 , 4.37051 , 12 , 12 , 0
ScoreForHonestReporter: , 1061 , H_UR_1060 , 0 , 0 , 0 , 0
ScoreForHonestReporter: , 1062 , H_UR_1061 , 0 , 0 , 0 , 0
ScoreForHonestReporter: , 1063 , H_UR_1062 , 3.27686 , 9 , 9 , 0
ScoreForHonestReporter: , 1064 , H_UR_1063 , 0 , 0 , 0 , 0
ScoreForHonestReporter: , 1065 , H_UR_1064 , 2.54867 , 7 , 7 , 0
ScoreForHonestReporter: , 1066 , H_UR_1065 , 1.81872 , 5 , 5 , 0
ScoreForHonestReporter: , 1067 , H_UR_1066 , 0 , 0 , 0 , 0
ScoreForHonestReporter: , 1068 , H_UR_1067 , 0 , 0 , 0 , 0
ScoreForHonestReporter: , 1069 , H_UR_1068 , 10.9203 , 30 , 30 , 0
ScoreForHonestReporter: , 1070 , H_UR_1069 , 0.36409 , 1 , 1 , 0
ScoreForHonestReporter: , 1071 , H_UR_1070 , 0 , 0 , 0 , 0
ScoreForHonestReporter: , 1072 , H_UR_1071 , 0 , 0 , 0 , 0
ScoreForHonestReporter: , 1073 , H_UR_1072 , 1.81713 , 5 , 5 , 0
ScoreForHonestReporter: , 1074 , H_UR_1073 , 0.729815 , 2 , 2 , 0
ScoreForHonestReporter: , 1075 , H_UR_1074 , 2.55072 , 7 , 7 , 0
ScoreForHonestReporter: , 1076 , H_UR_1075 , 0.729815 , 2 , 2 , 0
ScoreForHonestReporter: , 1077 , H_UR_1076 , 0 , 0 , 0 , 0
ScoreForHonestReporter: , 1078 , H_UR_1077 , 8.00884 , 22 , 22 , 0
ScoreForHonestReporter: , 1079 , H_UR_1078 , 5.46521 , 15 , 15 , 0
ScoreForHonestReporter: , 1080 , H_UR_1079 , 0.729815 , 2 , 2 , 0
ScoreForHonestReporter: , 1081 , H_UR_1080 , 0 , 0 , 0 , 0
ScoreForHonestReporter: , 1082 , H_UR_1081 , 0 , 0 , 0 , 0
ScoreForHonestReporter: , 1083 , H_UR_1082 , 3.27494 , 9 , 9 , 0
ScoreForHonestReporter: , 1084 , H_UR_1083 , 5.4608 , 15 , 15 , 0
ScoreForHonestReporter: , 1085 , H_UR_1084 , 0 , 0 , 0 , 0
ScoreForHonestReporter: , 1086 , H_UR_1085 , 0.729815 , 2 , 2 , 0
ScoreForHonestReporter: , 1087 , H_UR_1086 , 2.18764 , 6 , 6 , 0
ScoreForHonestReporter: , 1088 , H_UR_1087 , 0 , 0 , 0 , 0
ScoreForHonestReporter: , 1089 , H_UR_1088 , 0 , 0 , 0 , 0
ScoreForHonestReporter: , 1090 , H_UR_1089 , 1.45307 , 4 , 4 , 0
ScoreForHonestReporter: , 1091 , H_UR_1090 , 4.37069 , 12 , 12 , 0
ScoreForHonestReporter: , 1092 , H_UR_1091 , 0 , 0 , 0 , 0
ScoreForHonestReporter: , 1093 , H_UR_1092 , 0.728151 , 2 , 2 , 0
ScoreForHonestReporter: , 1094 , H_UR_1093 , 1.45638 , 4 , 4 , 0
ScoreForHonestReporter: , 1095 , H_UR_1094 , 4.73699 , 13 , 13 , 0
ScoreForHonestReporter: , 1096 , H_UR_1095 , 0 , 0 , 0 , 0
ScoreForHonestReporter: , 1097 , H_UR_1096 , 2.18602 , 6 , 6 , 0
ScoreForHonestReporter: , 1098 , H_UR_1097 , 1.09391 , 3 , 3 , 0
ScoreForHonestReporter: , 1099 , H_UR_1098 , 11.8948 , 33 , 33 , 0
ScoreForHonestReporter: , 1100 , H_UR_1099 , 0.364641 , 1 , 1 , 0
ScoreForHonestReporter: , 1101 , H_UR_1100 , 0 , 0 , 0 , 0
ScoreForHonestReporter: , 1102 , H_UR_1101 , 1.09499 , 3 , 3 , 0
ScoreForHonestReporter: , 1103 , H_UR_1102 , 8.37574 , 23 , 23 , 0
ScoreForHonestReporter: , 1104 , H_UR_1103 , 1.08998 , 3 , 3 , 0
ScoreForHonestReporter: , 1105 , H_UR_1104 , 0 , 0 , 0 , 0
ScoreForHonestReporter: , 1106 , H_UR_1105 , 10.9251 , 30 , 30 , 0
ScoreForHonestReporter: , 1107 , H_UR_1106 , 0 , 0 , 0 , 0
ScoreForHonestReporter: , 1108 , H_UR_1107 , 1.45304 , 4 , 4 , 0
ScoreForHonestReporter: , 1109 , H_UR_1108 , 0 , 0 , 0 , 0
ScoreForHonestReporter: , 1110 , H_UR_1109 , 5.46232 , 15 , 15 , 0
ScoreForHonestReporter: , 1111 , H_UR_1110 , 1.82193 , 5 , 5 , 0
ScoreForHonestReporter: , 1112 , H_UR_1111 , 9.4668 , 26 , 26 , 0
ScoreForHonestReporter: , 1113 , H_UR_1112 , 0.365174 , 1 , 1 , 0
ScoreForHonestReporter: , 1114 , H_UR_1113 , 0 , 0 , 0 , 0
ScoreForHonestReporter: , 1115 , H_UR_1114 , 0 , 0 , 0 , 0
ScoreForHonestReporter: , 1116 , H_UR_1115 , 2.54707 , 7 , 7 , 0
ScoreForHonestReporter: , 1117 , H_UR_1116 , 0.729808 , 2 , 2 , 0
ScoreForHonestReporter: , 1118 , H_UR_1117 , 0 , 0 , 0 , 0
ScoreForHonestReporter: , 1119 , H_UR_1118 , 2.54854 , 7 , 7 , 0
ScoreForHonestReporter: , 1120 , H_UR_1119 , 0 , 0 , 0 , 0
ScoreForHonestReporter: , 1121 , H_UR_1120 , 0 , 0 , 0 , 0
ScoreForHonestReporter: , 1122 , H_UR_1121 , 0 , 0 , 0 , 0
ScoreForHonestReporter: , 1123 , H_UR_1122 , 0 , 0 , 0 , 0
ScoreForHonestReporter: , 1124 , H_UR_1123 , 8.01111 , 22 , 22 , 0
ScoreForHonestReporter: , 1125 , H_UR_1124 , 5.09562 , 14 , 14 , 0
ScoreForHonestReporter: , 1126 , H_UR_1125 , 11.2887 , 31 , 31 , 0
ScoreForHonestReporter: , 1127 , H_UR_1126 , 0 , 0 , 0 , 0
ScoreForHonestReporter: , 1128 , H_UR_1127 , 0.728731 , 2 , 2 , 0
ScoreForHonestReporter: , 1129 , H_UR_1128 , 0.364641 , 1 , 1 , 0
ScoreForHonestReporter: , 1130 , H_UR_1129 , 2.90736 , 8 , 8 , 0
ScoreForHonestReporter: , 1131 , H_UR_1130 , 0 , 0 , 0 , 0
ScoreForHonestReporter: , 1132 , H_UR_1131 , 1.09386 , 3 , 3 , 0
ScoreForHonestReporter: , 1133 , H_UR_1132 , 0 , 0 , 0 , 0
ScoreForHonestReporter: , 1134 , H_UR_1133 , 0 , 0 , 0 , 0
ScoreForHonestReporter: , 1135 , H_UR_1134 , 0 , 0 , 0 , 0
ScoreForHonestReporter: , 1136 , H_UR_1135 , 0.36409 , 1 , 1 , 0
ScoreForHonestReporter: , 1137 , H_UR_1136 , 1.81713 , 5 , 5 , 0
ScoreForHonestReporter: , 1138 , H_UR_1137 , 0.729815 , 2 , 2 , 0
ScoreForHonestReporter: , 1139 , H_UR_1138 , 0 , 0 , 0 , 0
ScoreForHonestReporter: , 1140 , H_UR_1139 , 0 , 0 , 0 , 0
ScoreForHonestReporter: , 1141 , H_UR_1140 , 0 , 0 , 0 , 0
ScoreForHonestReporter: , 1142 , H_UR_1141 , 0 , 0 , 0 , 0
ScoreForHonestReporter: , 1143 , H_UR_1142 , 0 , 0 , 0 , 0
ScoreForHonestReporter: , 1144 , H_UR_1143 , 0 , 0 , 0 , 0
ScoreForHonestReporter: , 1145 , H_UR_1144 , 0 , 0 , 0 , 0
ScoreForHonestReporter: , 1146 , H_UR_1145 , 4.37035 , 12 , 12 , 0
ScoreForHonestReporter: , 1147 , H_UR_1146 , 0.729815 , 2 , 2 , 0
ScoreForHonestReporter: , 1148 , H_UR_1147 , 0 , 0 , 0 , 0
ScoreForHonestReporter: , 1149 , H_UR_1148 , 0 , 0 , 0 , 0
ScoreForHonestReporter: , 1150 , H_UR_1149 , 4.73604 , 13 , 13 , 0
ScoreForHonestReporter: , 1151 , H_UR_1150 , 0 , 0 , 0 , 0
ScoreForHonestReporter: , 1152 , H_UR_1151 , 0.365174 , 1 , 1 , 0
ScoreForHonestReporter: , 1153 , H_UR_1152 , 1.4536 , 4 , 4 , 0
ScoreForHonestReporter: , 1154 , H_UR_1153 , 0 , 0 , 0 , 0
ScoreForHonestReporter: , 1155 , H_UR_1154 , 0.365174 , 1 , 1 , 0
ScoreForHonestReporter: , 1156 , H_UR_1155 , 0 , 0 , 0 , 0
ScoreForHonestReporter: , 1157 , H_UR_1156 , 0 , 0 , 0 , 0
ScoreForHonestReporter: , 1158 , H_UR_1157 , 1.09124 , 3 , 3 , 0
ScoreForHonestReporter: , 1159 , H_UR_1158 , 4.0078 , 11 , 11 , 0
ScoreForHonestReporter: , 1160 , H_UR_1159 , 0 , 0 , 0 , 0
ScoreForHonestReporter: , 1161 , H_UR_1160 , 0 , 0 , 0 , 0
ScoreForHonestReporter: , 1162 , H_UR_1161 , 6.55276 , 18 , 18 , 0
ScoreForHonestReporter: , 1163 , H_UR_1162 , 4.36897 , 12 , 12 , 0
ScoreForHonestReporter: , 1164 , H_UR_1163 , 10.9224 , 30 , 30 , 0
ScoreForHonestReporter: , 1165 , H_UR_1164 , 0 , 0 , 0 , 0
ScoreForHonestReporter: , 1166 , H_UR_1165 , 3.27454 , 9 , 9 , 0
ScoreForHonestReporter: , 1167 , H_UR_1166 , 0 , 0 , 0 , 0
ScoreForHonestReporter: , 1168 , H_UR_1167 , 0.728151 , 2 , 2 , 0
ScoreForHonestReporter: , 1169 , H_UR_1168 , 0 , 0 , 0 , 0
ScoreForHonestReporter: , 1170 , H_UR_1169 , 1.09391 , 3 , 3 , 0
ScoreForHonestReporter: , 1171 , H_UR_1170 , 0 , 0 , 0 , 0
ScoreForHonestReporter: , 1172 , H_UR_1171 , 0 , 0 , 0 , 0
ScoreForHonestReporter: , 1173 , H_UR_1172 , 0 , 0 , 0 , 0
ScoreForHonestReporter: , 1174 , H_UR_1173 , 1.09391 , 3 , 3 , 0
ScoreForHonestReporter: , 1175 , H_UR_1174 , 0 , 0 , 0 , 0
ScoreForHonestReporter: , 1176 , H_UR_1175 , 0 , 0 , 0 , 0
ScoreForHonestReporter: , 1177 , H_UR_1176 , 9.82653 , 27 , 27 , 0
ScoreForHonestReporter: , 1178 , H_UR_1177 , 0 , 0 , 0 , 0
ScoreForHonestReporter: , 1179 , H_UR_1178 , 0.364641 , 1 , 1 , 0
ScoreForHonestReporter: , 1180 , H_UR_1179 , 1.09135 , 3 , 3 , 0
ScoreForHonestReporter: , 1181 , H_UR_1180 , 0 , 0 , 0 , 0
ScoreForHonestReporter: , 1182 , H_UR_1181 , 1.81927 , 5 , 5 , 0
ScoreForHonestReporter: , 1183 , H_UR_1182 , 1.45641 , 4 , 4 , 0
ScoreForHonestReporter: , 1184 , H_UR_1183 , 0 , 0 , 0 , 0
ScoreForHonestReporter: , 1185 , H_UR_1184 , 10.1982 , 28 , 28 , 0
ScoreForHonestReporter: , 1186 , H_UR_1185 , 1.45307 , 4 , 4 , 0
ScoreForHonestReporter: , 1187 , H_UR_1186 , 0 , 0 , 0 , 0
ScoreForHonestReporter: , 1188 , H_UR_1187 , 0.729269 , 2 , 2 , 0
ScoreForHonestReporter: , 1189 , H_UR_1188 , 11.2888 , 31 , 31 , 0
ScoreForHonestReporter: , 1190 , H_UR_1189 , 2.18336 , 6 , 6 , 0
ScoreForHonestReporter: , 1191 , H_UR_1190 , 0 , 0 , 0 , 0
ScoreForHonestReporter: , 1192 , H_UR_1191 , 0 , 0 , 0 , 0
ScoreForHonestReporter: , 1193 , H_UR_1192 , 1.82355 , 5 , 5 , 0
ScoreForHonestReporter: , 1194 , H_UR_1193 , 3.27471 , 9 , 9 , 0
ScoreForHonestReporter: , 1195 , H_UR_1194 , 1.81713 , 5 , 5 , 0
ScoreForHonestReporter: , 1196 , H_UR_1195 , 0.364641 , 1 , 1 , 0
ScoreForHonestReporter: , 1197 , H_UR_1196 , 0 , 0 , 0 , 0
ScoreForHonestReporter: , 1198 , H_UR_1197 , 0 , 0 , 0 , 0
ScoreForHonestReporter: , 1199 , H_UR_1198 , 0 , 0 , 0 , 0
ScoreForHonestReporter: , 1200 , H_UR_1199 , 0 , 0 , 0 , 0
