M_LL_0 , 147 ,  170
M_LL_1 , 195 ,  188
M_LL_2 , 155 ,  189
M_LL_3 , 168 ,  199
M_LL_4 , 152 ,  155
M_LL_5 , 166 ,  197
M_LL_6 , 199 ,  196
M_LL_7 , 199 ,  136
M_LL_8 , 166 ,  159
M_LL_9 , 173 ,  136
M_LL_10 , 122 ,  199
M_LL_11 , 154 ,  181
M_LL_12 , 165 ,  176
M_LL_13 , 199 ,  199
M_LL_14 , 140 ,  165
M_LL_15 , 199 ,  144
M_LL_16 , 124 ,  183
M_LL_17 , 150 ,  148
M_LL_18 , 199 ,  191
M_LL_19 , 199 ,  168
M_LL_20 , 199 ,  199
M_LL_21 , 199 ,  169
M_LL_22 , 199 ,  174
M_LL_23 , 139 ,  199
M_LL_24 , 199 ,  199
M_LL_25 , 118 ,  191
M_LL_26 , 144 ,  180
M_LL_27 , 199 ,  199
M_LL_28 , 138 ,  199
M_LL_29 , 172 ,  160
M_LR_100 , 199 ,  199
M_LR_101 , 199 ,  199
M_LR_102 , 199 ,  142
M_LR_103 , 199 ,  175
M_LR_104 , 199 ,  199
M_LR_105 , 199 ,  190
M_LR_106 , 199 ,  141
M_LR_107 , 199 ,  143
M_LR_108 , 199 ,  199
M_LR_109 , 199 ,  161
M_LR_110 , 199 ,  199
M_LR_111 , 199 ,  199
M_LR_112 , 199 ,  181
M_LR_113 , 199 ,  163
M_LR_114 , 199 ,  141
M_LR_115 , 199 ,  186
M_LR_116 , 199 ,  199
M_LR_117 , 199 ,  199
M_LR_118 , 199 ,  149
M_LR_119 , 199 ,  199
M_LR_120 , 199 ,  178
M_LR_121 , 199 ,  121
M_LR_122 , 199 ,  130
M_LR_123 , 199 ,  124
M_LR_124 , 199 ,  170
M_LR_125 , 199 ,  159
M_LR_126 , 199 ,  199
M_LR_127 , 199 ,  196
M_LR_128 , 199 ,  149
M_LR_129 , 199 ,  133
M_UL_200 , 199 ,  199
M_UL_201 , 189 ,  199
M_UL_202 , 146 ,  199
M_UL_203 , 199 ,  199
M_UL_204 , 181 ,  199
M_UL_205 , 170 ,  199
M_UL_206 , 164 ,  199
M_UL_207 , 180 ,  199
M_UL_208 , 150 ,  199
M_UL_209 , 199 ,  199
M_UL_210 , 171 ,  199
M_UL_211 , 199 ,  199
M_UL_212 , 199 ,  199
M_UL_213 , 199 ,  199
M_UL_214 , 187 ,  199
M_UL_215 , 177 ,  199
M_UL_216 , 126 ,  199
M_UL_217 , 151 ,  199
M_UL_218 , 196 ,  199
M_UL_219 , 163 ,  199
M_UL_220 , 143 ,  199
M_UL_221 , 199 ,  199
M_UL_222 , 132 ,  199
M_UL_223 , 169 ,  199
M_UL_224 , 199 ,  199
M_UL_225 , 199 ,  199
M_UL_226 , 144 ,  199
M_UL_227 , 183 ,  199
M_UL_228 , 199 ,  199
M_UL_229 , 157 ,  199
M_UR_300 , 199 ,  199
M_UR_301 , 199 ,  199
M_UR_302 , 199 ,  199
M_UR_303 , 199 ,  199
M_UR_304 , 199 ,  199
M_UR_305 , 199 ,  199
M_UR_306 , 199 ,  199
M_UR_307 , 199 ,  199
M_UR_308 , 199 ,  199
M_UR_309 , 199 ,  199
M_UR_310 , 199 ,  199
M_UR_311 , 199 ,  199
M_UR_312 , 199 ,  199
M_UR_313 , 199 ,  199
M_UR_314 , 199 ,  199
M_UR_315 , 199 ,  199
M_UR_316 , 199 ,  199
M_UR_317 , 199 ,  199
M_UR_318 , 199 ,  199
M_UR_319 , 199 ,  199
M_UR_320 , 199 ,  199
M_UR_321 , 199 ,  199
M_UR_322 , 199 ,  199
M_UR_323 , 199 ,  199
M_UR_324 , 199 ,  199
M_UR_325 , 199 ,  199
M_UR_326 , 199 ,  199
M_UR_327 , 199 ,  199
M_UR_328 , 199 ,  199
M_UR_329 , 199 ,  199
